split,index,label,text_preview,response,analysis
train,327,0,Children - Obama for America TV Ad è‡ªå‹•å†ç”Ÿ è‡ªå‹•å†ç”Ÿã‚’æœ‰åŠ¹ã«ã™ã‚‹ã¨ã€é–¢é€£å‹•ç”»ãŒè‡ªå‹•çš„ã«å†ç”Ÿã•ã‚Œã¾ã™ã€‚ æ¬¡ã®å‹•ç”»,No,no
train,57,1,And we pay her a salary!.... - Judge Jeanine Pirro has Fans ç§»å‹•: ã“ã®ãƒ¡ãƒ‹ãƒ¥ãƒ¼ã‚’é–‹ãã«ã¯ã€...,No,no
train,12,0,Remarks by the President in Twitter Town Hall 2:04 P.M. EDT MR. DORSEY: Good...,No,no
train,140,0,Opinion | A Senate in the Gun Lobbyâ€™s Grip WASHINGTON SENATORS say they fear...,No,no
train,125,1,Pro-Lifers Declare â€œEjaculation Is Murder: Every Sperm Cell Is A Lifeâ€ The...,No,no
train,114,0,Keeping His Word: Lowering the Cost of Medicare Prescriptions è‡ªå‹•å†ç”Ÿ...,No,no
train,71,0,S.1591 - 104th Congress (1995-1996): A bill to prohibit campaign expenditures...,No,no
train,52,0,"McCAIN, John Sidney, III McCAIN, John Sidney, III, (1936 - 2018) Senate Years...",No,no
train,346,0,"Ryan's plan includes $700 billion in Medicare ""cuts,"" says Stephanie Cutter...",No,no
train,279,0,Already a lost decade: Working-age household income down more than 10% since...,No,no
train,44,0,"McCain spoke up early ""John McCain stood up to the president and sounded the...",No,no
train,302,0,"Budget of the United States Government, FY 2008 THE NATIONâ€™S FISCAL OUTLOOK...",No,no
train,216,1,UPDATE: Malia Obama Among 10 Arrested In Racist Antifa Attack You are...,No,no
train,16,0,YouTube YouTube ã‚’ã§ã”è¦§ã„ãŸã ã„ã¦ã„ã¾ã™ã€‚ ã“ã®è¨­å®šã¯ä¸‹ã§å¤‰æ›´ ã§ãã¾ã™ã€‚,No,no
train,15,0,'This Week' Transcript: Gen. Jim Jones (Ret.) AMANPOUR: This week -- furious...,No,no
train,47,0,Rising to a New Generation of Global Challenges Rising to a New Generation of...,No,no
train,111,1,10 Things You Didn't Know About Nancy Pelosi (Jim Lo Scalzo for USN&WR) 1....,No,no
train,119,0,"Sec. John Kelly on Manchester investigation, keeping America safe This is a...",No,no
train,258,0,"In reversal, McCain says lift ban on offshore drilling Fill out this form to...",No,no
train,308,0,Barack Obama says U.S. oil production last year was highest since 2003 In his...,No,no
train,13,1,Family's private investigator: There is evidence Seth Rich had contact with...,No,no
train,287,0,Memorial Day è‡ªå‹•å†ç”Ÿ è‡ªå‹•å†ç”Ÿã‚’æœ‰åŠ¹ã«ã™ã‚‹ã¨ã€é–¢é€£å‹•ç”»ãŒè‡ªå‹•çš„ã«å†ç”Ÿã•ã‚Œã¾ã™ã€‚ æ¬¡ã®å‹•ç”»,No,no
train,101,0,"CNN's Don Lemon: Bill O'Reilly's Criticism Of Black Community ""Doesn't Go Far...",No,no
train,332,0,Rand Paul: We Must Demilitarize the Police The shooting of 18-year-old...,No,no
train,371,0,Remarks by the President on Increasing Oversight on Manipulation in Oil...,Yes,yes
train,214,0,U.S. Senate: U.S. Senate Roll Call Votes 105th Congress Use this guide to...,No,no
train,112,0,Remarks by President Trump in a Listening Session on Healthcare Roosevelt...,Yes,yes
train,229,1,International Arrest Warrant Issued for George Soros George Sorosâ€”the...,No,no
train,301,1,Cannibals Arrested in Florida Claim Eating Human Flesh Cures Diabetes and...,No,no
train,142,0,Remarks by the President at the Associated Press Luncheon Marriott Wardman...,Yes,yes
train,3,0,Sasse Statement on Trade War U.S. Senator Ben Sasse issued the following...,No,no
train,81,0,NRA President David Keene Rejects White House Gun Control Approach | PBS...,Yes,yes
train,368,0,"Sale of the Etch A Sketch Brand In February of 2016, we announced the sale of...",No,no
train,174,0,Laura Ingraham wrongly says claim that 90% support for gun background checks...,No,no
train,351,0,Donald Trump Sets Conditions for Defending NATO Allies Against Attack...,No,no
train,79,1,Texas law enforcement officer fatally shot upon arriving for work by 3 Muslim...,No,no
train,110,1,Mental Images â€” Alison Jackson Mental Images â€œMy pictures ask where does the...,No,no
train,172,0,Barack Obama says Mitt Romney condemned coal-fired power plants as killers...,No,no
train,373,0,"Remarks by the President on the Economy -- Knox College, Galesburg, IL Knox...",Yes,yes
train,365,1,Colorado Rockies Baseball Team To Sell Marijuana Brownies At Their Concession...,No,no
train,194,1,Bumble Bee Foods charged after man cooked with tuna The Bumble Bee tuna...,No,no
train,49,1,Texas Church Shooter Was Antifa Member Who Vowed To Start Civil War The...,No,no
train,183,1,Trump warns Russia over Jehovahâ€™s Witnesses ban and urges members to seek...,No,no
train,176,0,Kerry-McCain: Welcome To Massachusetts! Email this Page To: Multiple...,No,no
train,309,1,Melania Trump undergoes kidney surgery at Walter Reed medical center (CNN)...,No,no
train,135,0,"Debbie Wasserman Schultzã•ã‚“ã®ãƒ„ã‚¤ãƒ¼ãƒˆ: "".@JebBush a flip-flop-flip on immigration?...",No,no
train,22,1,"Miss Universe Guayana 2016 arrestada con 2kilos en London AirportğŸ˜± Claro, muy...",No,no
train,235,0,"The Democratic Debate in Cleveland MR. WILLIAMS: Senator Clinton, we're here...",No,no
train,274,0,dscc YouTube ã‚’ã§ã”è¦§ã„ãŸã ã„ã¦ã„ã¾ã™ã€‚ ã“ã®è¨­å®šã¯ä¸‹ã§å¤‰æ›´ ã§ãã¾ã™ã€‚,No,no
train,63,0,Did Bernie Sanders vote against background checks and waiting periods for gun...,No,no
train,193,0,NPC Luncheon with Eric Holder Attorney General Eric Holder delivered remarks...,No,no
train,40,0,"McCain touts 'Gang of 14,' immigration reform 11 years ago John McCain touted...",Yes,yes
train,282,0,Remarks by the President on the American Jobs Act Scranton High School...,No,no
train,150,1,Target to Discontinue Sale of Holy Bible Target to Discontinue Sale of Holy...,No,no
train,321,0,"'This Week' Transcript: Rep. Paul Ryan AMANPOUR (voice-over): This week,...",No,no
train,316,0,"Mitch McConnell, Alison Lundergan Grimes Have 'Sharp Differences' on Campaign...",No,no
train,185,0,"'This Week' Transcript: Kaine and Steele TAPPER: Hello again. Joining me now,...",No,no
train,295,0,"Notice: Data not available: U.S. Bureau of Labor Statistics Notice Wednesday,...",No,no
train,98,1,WHITE SUPREMACIST WHO KILLED PROTESTER IS A DEMOCRAT AND VISITED OBAMA IN...,No,no
train,35,1,"Hurricane Irma: If There Was Such A Thing As A Category 6 Hurricane, This...",Yes,yes
train,23,1,Buzz Aldrin â€˜passes UFO lie detector test leaving experts convinced that he...,No,no
train,116,1,Pence: â€œMichelle Obama Is The Most Vulgar First Lady Weâ€™ve Ever Hadâ€ Mike...,No,no
train,148,1,BientÃ´t de retour DÃ‰SOLÃ‰ SORRY LE SITE INTERNET REVIENT DANS LES PLUS BREFS...,No,no
train,329,0,"""New Energy"" Ad è‡ªå‹•å†ç”Ÿ è‡ªå‹•å†ç”Ÿã‚’æœ‰åŠ¹ã«ã™ã‚‹ã¨ã€é–¢é€£å‹•ç”»ãŒè‡ªå‹•çš„ã«å†ç”Ÿã•ã‚Œã¾ã™ã€‚ æ¬¡ã®å‹•ç”»",No,no
train,363,0,Remarks by the First Lady on What Health Insurance Reform Means for Women and...,Yes,yes
train,51,0,"Harry Reid Says GOP Should ""Stop Crying"" About Reconciliation (AP Photo/Pablo...",No,no
train,340,0,"Leonard Lance claims federal tax code contains 4 million words, is 7 times as...",No,no
train,372,0,"AUTOS: The Dinosaur Hunter If you check the ""Remember me"" box, you will be...",No,no
train,232,0,"The Texas Unmiracle In June 2011, the Texas unemployment rate was 8.2...",No,no
train,186,1,"Oprah Winfrey: The Butler, racism and Obama Video American broadcaster and...",No,no
train,83,0,Remarks by the President on Oil and Gas Subsidies Rose Garden 11:00 A.M. EDT...,No,no
train,189,0,Rand Paul Campaigns in Iowa for Miller-Meeks è‡ªå‹•å†ç”Ÿ...,No,no
train,181,0,"Democratic debate: Bernie Sanders really isn't as ""socialist"" as President...",No,no
train,107,0,"Barack Obamaâ€™s Remarks in St. Paul And, tonight, I also want to thank the men...",Yes,yes
train,136,1,Head Of NFL Fines Steeler Teammates $1 MILLION Each! BREAKING: NFL Fines...,No,no
train,36,1,ICE removal key goal of Democrats in 2020 election The Democrats mulling a...,No,no
train,87,0,McCain: McSame as Bush è‡ªå‹•å†ç”Ÿ è‡ªå‹•å†ç”Ÿã‚’æœ‰åŠ¹ã«ã™ã‚‹ã¨ã€é–¢é€£å‹•ç”»ãŒè‡ªå‹•çš„ã«å†ç”Ÿã•ã‚Œã¾ã™ã€‚ æ¬¡ã®å‹•ç”»,No,no
train,273,1,JUST IN: Barack Obama ARRESTED in a Japanese Drug Bust Former US President...,No,no
train,376,1,"Paul Ryan: â€œ22 Million Americans Choose To Be Poor, So Itâ€™s Their Own Problem...",No,no
train,310,0,"DNC TV AD: ""Trapped"" è‡ªå‹•å†ç”Ÿ è‡ªå‹•å†ç”Ÿã‚’æœ‰åŠ¹ã«ã™ã‚‹ã¨ã€é–¢é€£å‹•ç”»ãŒè‡ªå‹•çš„ã«å†ç”Ÿã•ã‚Œã¾ã™ã€‚ æ¬¡ã®å‹•ç”»",No,no
train,236,0,Impact of Senator Obama's Tax Proposals as Described by Economic Advisors on...,No,no
train,314,0,TSA: Frequently Asked Questions Frequently Asked Questions Advanced Imaging...,No,no
train,138,0,Administration Is Seeking $700 Billion for Wall Street With Congressional...,No,no
train,285,0,Remarks by the President at AFL CIO Labor Day Picnic THE WHITE HOUSE Office...,Yes,yes
train,354,0,'This Week' Transcript: Hillary Clinton (BEGIN VIDEO CLIP) AMANPOUR (voice-...,No,no
train,166,0,Bureau of Labor Statistics Data Series Id: CES4244100001 Seasonally Adjusted...,No,no
train,28,0,Rep. Ross: We need to get government running again I came to Washington to...,No,no
train,117,0,"Joni Ernst ""Promises"" Ad è‡ªå‹•å†ç”Ÿ è‡ªå‹•å†ç”Ÿã‚’æœ‰åŠ¹ã«ã™ã‚‹ã¨ã€é–¢é€£å‹•ç”»ãŒè‡ªå‹•çš„ã«å†ç”Ÿã•ã‚Œã¾ã™ã€‚ æ¬¡ã®å‹•ç”»",No,no
train,367,0,"David Plouffe, Sen. Joe Lieberman and Gen. Michael Hayden talk national...",No,no
train,161,0,REMARKS BY THE PRESIDENT AND FIRST LADY AT A CAMPAIGN EVENT 1:05 P.M. EDT...,Yes,yes
train,205,0,SECRET VIDEO: Romney Tells Millionaire Donors What He REALLY Thinks of Obama...,Yes,yes
train,137,0,NexisÂ®: Sign In Note: Personal data with respect to individual users of the...,No,no
train,33,0,"As Americans Save Money, their Government Spends with Reckless Abandon As...",No,no
train,108,0,"Hillary Clinton Remarks at National Urban League Conference by July 31, 2015...",No,no
train,291,0,"The Gingrich Tragedy Though his ideas stray, his most common theme is that...",No,no
train,359,1,"The CNN porn scare is how fake news spreads Last night, a twitter account by...",No,no
train,255,1,White House Chef Quits Because Trump Has Only Eaten Fast Food For 6 Months...,No,no
train,202,1,"NRA President Jim Porter Falsely Accused of Saying, â€œItâ€™s Only A Matter Of...",No,no
train,234,0,The Voter's Self Defense System Thank You! You are about to be redirected to...,No,no
train,73,1,President Trump Underscores US-Jamaica Relations President Trump Underscores...,No,no
train,335,1,URGENT: proposed law would charge protesters with terrorism A version of this...,No,no
train,374,0,'This Week' Transcript: Target Libya (BEGIN VIDEO CLIP) AMANPOUR (voice-...,No,no
train,126,0,Obama Criticizes McCain on Lobbyists è‡ªå‹•å†ç”Ÿ è‡ªå‹•å†ç”Ÿã‚’æœ‰åŠ¹ã«ã™ã‚‹ã¨ã€é–¢é€£å‹•ç”»ãŒè‡ªå‹•çš„ã«å†ç”Ÿã•ã‚Œã¾ã™ã€‚ æ¬¡ã®å‹•ç”»,No,no
train,275,1,Fox News accidentally puts up a poll graphic that shows how they are the...,No,no
train,134,1,Wife of Las Vegas massacre victim: â€˜He saved my life and lost hisâ€™ A nurse...,No,no
train,219,0,Morgan Griffith says EPA treats milk spills same way as oil spills U.S. Rep....,No,no
train,204,0,Cain said food stamp program use up under Obama With the fire of a Baptist...,Yes,yes
train,324,1,The numbers don't lie... - Occupy Democrats ç§»å‹•: ã“ã®ãƒ¡ãƒ‹ãƒ¥ãƒ¼ã‚’é–‹ãã«ã¯ã€ alt ã¨ / ã‚’åŒæ™‚ã«æŠ¼ã—ã¦ãã ã•ã„,No,no
train,296,0,"HillaryClinton.com Twice in One Day: Senator Obama Tries Rewriting History,...",No,no
train,70,0,"This Labor Day, we need protests This website is no longer actively...",No,no
train,260,1,Secret Service Agent Says Obama Is Muslim & Gay In New Tell-All Book...,No,no
train,252,1,Sid Miller ç§»å‹•: ã“ã®ãƒ¡ãƒ‹ãƒ¥ãƒ¼ã‚’é–‹ãã«ã¯ã€ alt ã¨ / ã‚’åŒæ™‚ã«æŠ¼ã—ã¦ãã ã•ã„,No,no
train,46,1,BUSTED: Obama is Holding Secret Meetings to OVERTAKE the White House BUSTED:...,No,no
train,24,1,How Donald Trump Lost the 'War on Christmas' U.S. President Donald Trump has...,No,no
train,56,1,Texas church shooter was a militant atheist Texas church shooter Devin Kelley...,No,no
train,78,0,Expanding Opportunity â€” #KempForum16 Expanding Opportunity â€” #KempForum16...,No,no
train,349,0,CQ Vote Studies Congressional Quarterly has studied the voting behavior of...,No,no
train,348,1,"Lady Gagaã•ã‚“ã®ãƒ„ã‚¤ãƒ¼ãƒˆ: "".@MELANIATRUMP to say u will stand for ""anti-bullying"" is...",No,no
train,32,0,"New York Officials Welcome Immigrants, Legal or Illegal The politics of...",No,no
train,197,1,Morgan Freeman: â€˜Jailing Hillaryâ€™ Best Way To â€˜Restore Public Faith In Govtâ€™...,No,no
train,195,0,"He says universal, but it's no guarantee Under attack at a recent debate from...",Yes,yes
train,239,0,"Nancy Pelosi, Wicked Witch of the West è‡ªå‹•å†ç”Ÿ è‡ªå‹•å†ç”Ÿã‚’æœ‰åŠ¹ã«ã™ã‚‹ã¨ã€é–¢é€£å‹•ç”»ãŒè‡ªå‹•çš„ã«å†ç”Ÿã•ã‚Œã¾ã™ã€‚ æ¬¡ã®å‹•ç”»",No,no
train,128,0,"U.S. considers 3,000 more troops for Afghanistan WASHINGTON (Reuters) -...",No,no
train,5,0,Text of H.R. 3338 (107th): Department of Defense and Emergency Supplemental...,No,no
train,58,0,Hillary Clinton Transcript: Read Full Text of Clinton Campaign Launch Thank...,No,no
train,306,0,'This Week' Transcript: Sen. Dianne Feinstein and Rep. Mike Rogers A rush...,No,no
train,196,0,Hillary Clinton says guns exceed next nine categories as leading cause of...,No,no
train,164,0,"Obama Urges Bernanke, Paulson to Fight Foreclosures, Hold Homeownership...",No,no
train,304,0,"Crist has experience to be vice president, McCain says Fill out this form to...",No,no
train,294,1,Trumpâ€™s Top Scientist Pick: â€œScientists Are Just Dumb Regular People That...,No,no
train,75,0,"Romney For President Launches New Television Ad, ""Remember"" Romney For...",No,no
train,364,0,"Donald Trump featured in new jihadist recruitment video Last month, The...",No,no
train,317,0,Summary of the Affordable Care Act Patient Protection and Affordable Care Act...,No,no
train,319,1,Former presidents walk fine line in Trumpâ€™s America George W. Bush has lobbed...,No,no
train,0,1,"Inside a Fake News Sausage Factory: â€˜This Is All About Incomeâ€™ In Tbilisi,...",No,no
train,244,0,H.R.1025 - 103rd Congress (1993-1994): Brady Handgun Violence Prevention Act...,No,no
train,184,0,Bureau of Labor Statistics Data Change Output Options: From: 1939 1940 1941...,No,no
train,224,0,Full text: Jeff Flake on Trump speech transcript...,No,no
train,245,1,Computer Models Show IRMA Destroying New York City On Sept. 10 All 5 Boroughs...,No,no
train,67,1,BREAKING: Laura Ingraham Just Fired!! Latest News BREAKING: They Got Him!! 5...,No,no
train,362,0,All Nobel Peace Prizes The Nobel Peace Prize has been awarded 99 times to 133...,No,no
train,270,1,British Politician Beaten by Protestors for 'Welcoming Trump to the UK'...,No,no
train,45,0,Statement by the President Rose Garden 5:35 P.M. EDT MR. BARDEN: Hello. My...,Yes,yes
train,129,1,Rice told investigators why she unmasked Trump aides Washington (CNN) Former...,No,no
train,233,1,â€œGay People Should Wear Specially-Colored Clothes To Warn Straight Peopleâ€...,No,no
train,27,0,"""One Hundred Percent"" by Club for Growth Action YouTube ã‚’ã§ã”è¦§ã„ãŸã ã„ã¦ã„ã¾ã™ã€‚...",No,no
train,222,0,"Key Facts: Race, Ethnicity and Medical Care The Kaiser Family Foundationâ€™s...",No,no
train,160,0,"Warren Buffett says the super-rich pay lower tax rates than others The ""mega-...",Yes,yes
train,76,0,Democratic Leaders Say House Democrats Are United Against GOP Default Act...,No,no
train,215,0,3/8/14 Sen. Rob Portman (R-OH) delivers Weekly GOP Address on American jobs...,No,no
train,163,1,"BOMBSHELL: COMEY KNEW MURDERED DNC STAFFER, SETH RICH, WAS WIKILEAKS SOURCE &...",No,no
train,237,1,"Snopes Paid to Push â€˜Propagandaâ€™ by Facebook, Former Editor Reveals Snopes...",No,no
train,155,0,"Most heroin in U.S. now comes across Mexican border, Rob Portman says ""We...",No,no
train,50,0,Remarks by the President on a New Strategy for Afghanistan and Pakistan...,No,no
train,39,1,Miley Cyrus: â€˜Donald Trump Is a Fâ€“king Nightmareâ€™ Donald Trump took a major...,No,no
train,95,0,"Obama for America TV Ad: ""Firms"" è‡ªå‹•å†ç”Ÿ è‡ªå‹•å†ç”Ÿã‚’æœ‰åŠ¹ã«ã™ã‚‹ã¨ã€é–¢é€£å‹•ç”»ãŒè‡ªå‹•çš„ã«å†ç”Ÿã•ã‚Œã¾ã™ã€‚ æ¬¡ã®å‹•ç”»",No,no
train,259,1,Ohio student suspended for staying in class during National Walkout Day An...,No,no
train,41,0,"Crime in Chicago: Explore your community Peter Nickeas, a 28-year-old...",No,no
train,298,0,Iraq pullout could create chaos WASHINGTON â€” U.S. troops could withdraw from...,No,no
train,199,0,"Just In The Hill 1625 K Street, NW Suite 900 Washington DC 20006 |...",No,no
train,280,1,"Over 30,000 Graduates, Including Scientists, Claim Global Warming NOT Caused...",No,no
train,246,1,"THIS IS AMAZING: In 1984, the New York Times said Trump would be our BEST...",No,no
train,153,1,"A fake photo of Emma GonzÃ¡lez went viral on the far right, where Parkland...",No,no
train,82,0,PolitiFactâ€™s annotated transcript of the second presidential debate...,No,no
train,369,0,"Briefing by White House Press Secretary Robert Gibbs, 9/10/09 THE WHITE HOUSE...",Yes,yes
train,4,0,"Tim Kaine's Speech in Spanish at an Arizona Rally: Read Now Good afternoon,...",No,no
train,251,1,Prince William May Not Attend Royal Wedding Leaving Harry Without a Best Man;...,No,no
train,92,0,Executive Order Protecting the Nation from Foreign Terrorist Entry into the...,Yes,yes
train,212,0,"Louise Slaughterã•ã‚“ã®ãƒ„ã‚¤ãƒ¼ãƒˆ: ""By 4th grade, 86 percent of African American boys...",No,no
train,206,0,Transcript of AP interview with Trump A transcript of an Oval Office...,No,no
train,265,0,by Mark Halperin A fact sheet on Senator Obama's plan to protect consumers is...,No,no
train,61,0,"McCain-Palin 2008 John McCain's Acceptance Speech By John McCain September 5,...",Yes,yes
train,14,0,"Barack Obamaã•ã‚“ã®ãƒ„ã‚¤ãƒ¼ãƒˆ: """"Since Newtown, more people have died at the end of a...",No,no
train,209,1,Keanu Reeves Shook The World With Another POWERFUL Message Sign up for your...,No,no
train,145,0,Encounters With 'Regular Guy' Fred Thompson -- New York Magazine Photo:...,No,no
train,20,0,U.S. Senate: Supreme Court Nominations: present-1789 89-7 No. 242 (for...,No,no
train,21,1,Malia Obama Arrested With A Gang Of Thugs In Chicago Malia Obama may have...,No,no
train,187,0,"For Education Secretary, Stimulus Means Dollars and Risk Expectations are...",No,no
train,124,1,BREAKING: Nancy Pelosi Was Just Taken From Her Office In Handcuffs Liberal...,No,no
train,17,0,America's Enduring Strength ç§»å‹•: ã“ã®ãƒ¡ãƒ‹ãƒ¥ãƒ¼ã‚’é–‹ãã«ã¯ã€ alt ã¨ / ã‚’åŒæ™‚ã«æŠ¼ã—ã¦ãã ã•ã„,No,no
train,299,0,CPAC 2013 - Former Governor Sarah Palin (R-AK) YouTube ã‚’ã§ã”è¦§ã„ãŸã ã„ã¦ã„ã¾ã™ã€‚...,No,no
train,284,0,Breaking down barriers for African Americans Breaking down barriers for...,No,no
train,254,1,112-Year-Old Voters in North Carolina? Early voting began in North Carolina...,No,no
train,262,0,"""Give Me a Break"" Americans Against Food Taxes TV Ad 2011 è‡ªå‹•å†ç”Ÿ...",No,no
train,261,0,Palin-Huey è‡ªå‹•å†ç”Ÿ è‡ªå‹•å†ç”Ÿã‚’æœ‰åŠ¹ã«ã™ã‚‹ã¨ã€é–¢é€£å‹•ç”»ãŒè‡ªå‹•çš„ã«å†ç”Ÿã•ã‚Œã¾ã™ã€‚ æ¬¡ã®å‹•ç”»,No,no
train,168,1,JEFFERSON DAVIS STATUE TO BE REPLACED WITH OBAMA LIKENESS Workers in New...,No,no
train,121,0,"UN Refugee Agency welcomes arrival of 10,000th Syrian refugee resettled to...",No,no
train,377,0,Transcript: NPR's Full Interview With Sen. Marco Rubio Transcript: NPR's Full...,No,no
train,42,0,The full transcript of the third presidential debate Here is a complete...,No,no
train,241,1,Pope Francis To Followers: â€œKoran And Holy Bible Are The Sameâ€ Sincerely...,No,no
train,220,1,Fox News' Shepard Smith: 'Why is it lie after lie after lie?' on Russia...,No,no
train,228,0,Pledge of Allegiance E-mail Pledge of Allegiance E-mail The following is the...,No,no
train,297,1,Denzel Washington hit by Facebook fake news story on Trump A fabricated news...,No,no
train,54,1,"BOOM: Roy Moore Takes The Military Vote, Pulls Ahead By 5K Votes The Alabama...",No,no
train,328,1,Pope Calls for World Wide Gun Confiscation Except for the UN If there was any...,No,no
train,337,0,H.R.6060 - 109th Congress (2005-2006): Department of State Authorities Act of...,No,no
train,315,0,"Letâ€™s Not Be Civil Last week, President Obama offered a spirited defense of...",No,no
train,182,1,Thousands killed as Israel Drops Tactical Nuclear Bomb On Syria â€” Exclusive...,No,no
train,345,0,The Obameter: Introduce a comprehensive immigration bill in the first year...,No,no
train,102,1,MEXICOâ€™S NEXT PRESIDENT Calls for An Invasion Of The USâ€¦. 118 SHARES Share...,No,no
train,171,1,Donald Trump to issue an executive order to ban Facebook across US Year 2017...,No,no
train,323,0,Obama Demands Investigation into Subprime Loan Discrimination Obama Demands...,No,no
train,225,0,Rebooting: You and your doctor under Obamacare About This Show From the...,No,no
train,272,1,"Peter Strzok, FBI Agent in Texting Scandal, Will Testify Before Congress...",No,no
train,132,0,"If Democrats Lose, Blame These Guys Kyle Kondik is managing editor of...",No,no
train,115,1,DEA Just Raided A United States Senator __________________ To view links or...,No,no
train,30,0,"Obamaâ€™s Remarks at the White House Health Care Forum Well, let me be clear:...",Yes,yes
train,331,0,"GOP Task Force, Lone Democrat Eye Trafficking Law Aury Terriquez, left, 6,...",No,no
train,379,0,"""On and On"" è‡ªå‹•å†ç”Ÿ è‡ªå‹•å†ç”Ÿã‚’æœ‰åŠ¹ã«ã™ã‚‹ã¨ã€é–¢é€£å‹•ç”»ãŒè‡ªå‹•çš„ã«å†ç”Ÿã•ã‚Œã¾ã™ã€‚ æ¬¡ã®å‹•ç”»",No,no
train,292,1,Spicer: â€œTrump Has The Legal Right To Cancel SCOTUS Because They Serve At His...,No,no
train,86,1,Mike Pence: â€œAllowing Rape Victims To Have Abortions Will Lead To Women...,No,no
train,257,0,TPMtv Extra: South Carolina Ronald Reagan Debate è‡ªå‹•å†ç”Ÿ...,No,no
train,380,1,Snoop Dogg Arrested For Conspiracy After Talking About His â€˜Murder Trumpâ€™...,No,no
train,141,0,Mike Huckabee: Fried Squirrel Out of a Popcorn Popper è‡ªå‹•å†ç”Ÿ...,No,no
train,256,0,Change We Can Believe In Remarks of Senator Barack Obama: The Past Versus the...,Yes,yes
train,243,1,Broward County Sheriff Fired For Lying About Parkland Broward County Sheriff...,No,no
train,266,0,Inquiry Sought in Hillary Clintonâ€™s Use of Email The revelations about how...,No,no
train,1,1,Democrats go full TYRANNY: Now demand nationwide gun confiscation from law-...,No,no
train,18,0,"Department of Homeland Security Appropriations Act, 2007 (2006; 109th...",No,no
train,286,1,Target Recalls Water Absorbing Toys Due to Serious Ingestion Hazard The U.S....,No,no
train,366,1,"New Star Wars Movie Filming Near Rosenberg, Texas, Large Number of Extras...",No,no
train,179,0,"Library of Congress Senate Committee Any Committee Agriculture, Nutrition,...",No,no
train,201,1,"The Legislative Process ""All Legislative Powers herein granted shall be...",No,no
train,8,0,"Bill Clinton Says He 'Never Said A Bad Word About Senator Obama,' At mtvU's...",No,no
train,84,0,Obamaâ€™s Prime-Time Press Briefing And that is why the single most important...,No,no
train,162,0,Barack Obama Challenges John McCain To Duel Over Taxes è‡ªå‹•å†ç”Ÿ...,No,no
train,131,0,"No, We Canâ€™t? Or Wonâ€™t? Excuse No. 2: Fear the bond market. Two years ago The...",No,no
train,60,0,Donald Trump exaggerates when he says China has 'total control' over North...,No,no
train,356,0,Laws Affecting Reproductive Health and Rights: 2013 State Policy Review by...,No,no
train,283,1,Civil War Erupts In Sweden as Irate Swedes Burn Nine Muslim Refugee Centers...,No,no
train,203,1,"Trump on Revamping the Military: Weâ€™re Bringing Back the Draft COSTA MESA,...",No,no
train,311,1,Bill Gates Outlines 2018 Plan To Depopulate The Planet Bill Gates has doubled...,No,no
train,288,0,Local News Headlines Hawaii If you want to do business with Miller...,No,no
train,146,0,Op-ed by President Obama: President Obama Reflects on the Impact of Title IX...,No,no
train,200,0,Mourning in America è‡ªå‹•å†ç”Ÿ è‡ªå‹•å†ç”Ÿã‚’æœ‰åŠ¹ã«ã™ã‚‹ã¨ã€é–¢é€£å‹•ç”»ãŒè‡ªå‹•çš„ã«å†ç”Ÿã•ã‚Œã¾ã™ã€‚ æ¬¡ã®å‹•ç”»,No,no
train,62,0,Strong Words in Ohio as Obama and Clinton Press On Mr. Obama often boxes...,No,no
train,147,0,Q&A: Did slaves build the White House? Construction on the President's House...,No,no
train,104,0,U.S. Senate: U.S. Senate Roll Call Votes 103rd Congress Use this guide to...,No,no
train,48,1,UPDATE: Van Full Of Illegals Caught Voting At Multiple Alabama Polling...,No,no
train,267,0,More Czars Than the Romanovs Meet Obama's Czars With the Obama...,No,no
train,167,1,Pier 39 Terrorist Was an Anti-Trump Antifa Supporter Muslim convert and...,No,no
train,344,1,Wilmington Regional Film Commission LOCATION. LOCATION. LOCATION. Since the...,No,no
train,90,0,U.S. Army's Involvement in Motorsports You have items in your cart,No,no
train,188,0,"Remarks by the President on Comprehensive Immigration Reform in El Paso,...",No,no
train,105,0,Clinton's Lead Over Trump Shrinks to 3 Points: New NBC News/WSJ Poll...,No,no
train,325,0,Thereâ€™s another choice Thereâ€™s another choice Gov. Gary Johnson Blocked...,Yes,yes
train,360,1,"South African firm ordered to lay off 3,389 white employees A South African...",No,no
train,25,0,"Senator Schumer on 2014 Midterm Elections November 25, 2014...",No,no
train,300,0,"McCain, Obama go head to head in last debate HEMPSTEAD, New York (CNN) --...",Yes,yes
train,103,1,United Airlines Flight Attendant Slaps Crying Baby During Flight During a...,No,no
train,170,0,Remarks by the President on the Resurgence of the American Auto Industry...,No,no
train,333,0,"What OFA Has Accomplished, And The Fight Ahead What OFA Has Accomplished, And...",No,no
train,173,1,Breaking: Crew Of Air Force One Refuses To Fly Obama 6000 Miles â€˜Just To Play...,No,no
train,339,0,Obama Promises Abortion in Public Plan è‡ªå‹•å†ç”Ÿ è‡ªå‹•å†ç”Ÿã‚’æœ‰åŠ¹ã«ã™ã‚‹ã¨ã€é–¢é€£å‹•ç”»ãŒè‡ªå‹•çš„ã«å†ç”Ÿã•ã‚Œã¾ã™ã€‚ æ¬¡ã®å‹•ç”»,No,no
train,330,1,Saudi Arabia to Behead 6 School Girls for Being With Their Male Friends...,No,no
train,68,0,"Everything you need to know about the drone debate, in one FAQ This is well...",No,no
train,343,1,"3,000-Pound Great White Shark Captured in Great Lakes 218.9k SHARES Share...",No,no
train,158,0,Missing Teen-Ager Found in New Jersey A Connecticut teen-ager who was missing...,No,no
train,165,1,Frequently Asked Questions Frequently Asked Questions History Access/FOIA...,No,no
train,320,1,Keanu on Trump travel ban: â€˜just terribleâ€™ At the Los Angeles premiere of...,No,no
train,326,1,BREAKING: The Democrat James Comey Has Been Having An Affair With Was JUST...,No,no
train,59,0,What Carly is doing tonight What Carly is doing tonight Carly Fiorina Blocked...,No,no
train,31,0,"Penniless California issues IOUs to firms, clinics, taxpayers and students...",No,no
train,249,1,"Liberal Women Hate Me Because Of My â€œStriking Beauty And Intellectâ€, Says...",No,no
train,9,1,"Student Hasn't Stopped Filming Since Florida School Shooting David Hogg, a...",No,no
train,253,0,Rockefeller: An Opportunity We CanÂ’t Pass Up Rockefeller: An Opportunity We...,No,no
train,154,1,"Last in Queen Elizabeth II's line of corgis dies, says British press London...",No,no
train,139,1,Oscar Pistorius Attempts To Commit Suicide The former Paralympic athlete...,No,no
train,109,0,"No Regrets for a Love Of Explosives; In a Memoir of Sorts, a War Protester...",Yes,yes
train,271,0,"Rep. Vern Buchananã•ã‚“ã®ãƒ„ã‚¤ãƒ¼ãƒˆ: ""Think Wimbledon tickets are expensive? Our...",No,no
train,378,0,"Politics, Policy, Political News The POLITICO Mag Profile Meet the...",Yes,yes
train,6,0,"Health Reform Carries Heavy Price, Insurers Claim Support the kind of...",No,no
train,352,0,The Return of the Viral Email Viewing this video requires Adobe Flash Player...,No,no
train,69,0,"Public Campaign Action Fund TV Ad: The McCain File On Monday, June 9, 2008,...",No,no
train,230,0,Interest Group Ratings Social Issues 2006 Senator Obama supported the...,No,no
train,11,0,House GOP Introduces Keep Terrorists Out of America Act House GOP Introduces...,No,no
train,96,0,Topic A: How Can President Obama Regain His Political Footing? With polls...,No,no
train,347,1,Attorney General Sessions Statement on Recusal Attorney General Jeff Sessions...,Yes,yes
train,357,0,John McCain YouTube ã‚’ã§ã”è¦§ã„ãŸã ã„ã¦ã„ã¾ã™ã€‚ ã“ã®è¨­å®šã¯ä¸‹ã§å¤‰æ›´ ã§ãã¾ã™ã€‚,No,no
train,342,0,United States Senator Jim DeMint A day after the Senate adjourned for Easter...,No,no
train,211,0,Marco Rubio says Ted Cruz voted for defense cuts in Rand Paul's budget...,No,no
train,207,0,IMPEACHMENT HINT STIRS HOUSE CLASH; Democratic Orators Spring to Roosevelt...,No,no
train,353,0,"Employment, Hours, and Earnings from the Current Employment Statistics survey...",No,no
train,242,0,Text - H.R.2122 - 106th Congress (1999-2000): Mandatory Gun Show Background...,No,no
train,7,0,Remarks by the President at GOP House Issues Conference The White House...,No,no
train,361,0,CHIP Enrollment: June 2011 Data Snapshot This data snapshot provides the...,No,no
train,313,0,Public Views on Health Care Overhaul Top Week's News Support the kind of...,No,no
train,277,0,The Wave è‡ªå‹•å†ç”Ÿ è‡ªå‹•å†ç”Ÿã‚’æœ‰åŠ¹ã«ã™ã‚‹ã¨ã€é–¢é€£å‹•ç”»ãŒè‡ªå‹•çš„ã«å†ç”Ÿã•ã‚Œã¾ã™ã€‚ æ¬¡ã®å‹•ç”»,No,no
train,127,0,"Jim DeMintã•ã‚“ã®ãƒ„ã‚¤ãƒ¼ãƒˆ: ""House Appropriations Chair David Obey's partial earmark...",No,no
train,318,0,Obama: Mitt Romney refused to say whether he supports Lilly Ledbetter Act...,Yes,yes
train,159,1,"300,000 Pounds of Counterfeit Rat Meat Has Been Sold as Chicken Wings in The...",No,no
train,305,1,Mother Issues Warning to Parents After Watching Her Baby Boy Die Within...,No,no
train,122,1,"OBAMA CANCELED IT, TRUMP REINSTATED IT â€“ A VERY SACRED DAY IS BACK President...",No,no
train,152,0,Israel should welcome Rouhani's election victory Such a reaction would be...,No,no
train,156,0,Resource Not Available The page you requested cannot be found at this time....,No,no
train,100,0,â€˜Americans need to stand togetherâ€™: Hillary Clintonâ€™s remarks following the...,No,no
train,19,1,CONFIRMED ! JUSTICE RUTH BADER GINSBURG IS RESIGNING FROM THE POST OF...,No,no
train,278,0,Remarks by the President on Responsible Homeownership Desert Vista High...,Yes,yes
train,37,1,State Of Minnesota Has Just Handed Over FULL CONTROL To Muslims So They Can...,No,no
train,322,0,"Bill Clinton on Rush Limbaugh, His Mistakes, the Supreme Court and Middle...",No,no
train,143,0,"John McCain for President For Immediate Release July 15, 2008 Contact: Press...",Yes,yes
train,74,0,Obama knows his way around a ballot -- chicagotribune.com MAKING OF A...,No,no
train,307,0,U.S. Senate: U.S. Senate Roll Call Votes 110th Congress Use this guide to...,No,no
train,80,1,Man Loses His Testicles After Attempting To Smoke Weed Through A Scuba Tank...,No,no
train,248,1,Australia Becomes First Country To Begin Microchipping Its Citizens It is...,No,no
train,77,1,"First family visits D.C. shelter, highlights homeless veteransâ€™ plight...",No,no
train,177,0,Itâ€™s Time for the Senate to Do Its Job Itâ€™s Time for the Senate to Do Its Job...,No,no
train,99,0,"Shields and Gerson on Cabinet Noms, Gun Laws, Boehner's Leadership | PBS...",Yes,yes
train,64,1,Whoopi Goldberg: Navy SEAL Widow was â€œLooking for Attentionâ€ Whoopi Goldberg...,No,no
train,191,1,Trump Orders 13 Obama Deep State Operatives Arrested For Treason Fact Check...,No,no
train,290,0,"The first Trump-Clinton presidential debate transcript, annotated Hillary...",No,no
train,250,1,Biden raises possibility of 2020 presidential bid Vice President Biden on...,No,no
train,65,1,Man charged with murder after driving into anti-far-right protesters in...,Yes,yes
train,10,0,"Donald J. Trump on the Stakes of the Election - June 22, 2016 - Donald J....",Yes,yes
train,144,1,"BREAKING: MALIA OBAMA EXPELLED FROM HARVARD Share this: Malia Obama, who has...",No,no
train,157,0,Clinton campaignâ€™s claim that Trump would â€˜force schools to allow guns in...,No,no
train,263,1,Twitter Caught Leaking Donald Trump's Private Messages in Undercover Sting...,No,no
train,375,0,Transcript of Wednesday's presidential debate The following is a transcript...,No,no
train,133,1,New Law Makes it Illegal to Shower and Do Laundry on Same Day California...,No,no
train,210,0,WATCH FULL Ted Cruz presser on new deal with Kasich (UPDATE: PART TWO ADDED)...,No,no
train,218,0,"Data on Campaign Finance, Super PACs, Industries, and Lobbying Ruth Marcus,...",No,no
train,175,0,Schneiderman suing Trump over DACA cites 'discriminatory animus' Schneiderman...,No,no
train,89,1,whathappensintheusa.com -&nbspwhathappensintheusa ãƒªã‚½ãƒ¼ã‚¹ãŠã‚ˆã³æƒ…å ± This Domain Name...,No,no
train,303,0,"Remarks by the President at Campaign Event -- Colorado Springs, CO Colorado...",No,no
train,217,1,Charleston Shooter Dylann Roof Moved to Death Row in Terre Haute Federal...,No,no
train,38,0,Protecting Our Children from the Dangers of Smoking Protecting Our Children...,No,no
train,2,0,"Palin: Pioneer, maverick -- and now game-changer (CNN) -- The McCain campaign...",Yes,yes
train,226,0,"Dr. James Dobson James C. Dobson, Ph.D., is founder and chairman of Focus on...",No,no
train,169,1,"Fact-Check: No, Fall River, Massachusetts, Was Not â€˜Built by Immigrantsâ€™ Rep....",No,no
train,26,0,"'This Week' Transcript: Pelosi and Gates AMANPOUR: Madam Speaker, thank you...",Yes,yes
train,192,1,DONALD TRUMP PRAISES COLONEL SANDERS FOR HIS SERVICE IN THE CIVIL WAR Manny...,No,no
train,190,1,Hurricane Irene: â€˜Photoâ€™ of shark swimming in street is fake Holy moly! A...,No,no
train,149,0,"'This Week' Transcript: Holder and Giuliani TAPPER: Good morning, and a happy...",Yes,yes
train,91,0,"Oct. 11: Levin, Graham, McCaffrey, Myers, roundtable Oct. 11: The debate over...",Yes,yes
train,293,0,"The CNN Miami Republican debate transcript, annotated Donald Trump, Sen. Ted...",No,no
train,180,1,THIS ARTICLE RETRACTED: Red Crescent Says No Evidence of Chemical Attack in...,No,no
train,276,0,U.S. Senate: U.S. Senate Roll Call Votes 111th Congress Roll Call Vote 111th...,No,no
train,227,0,john.he.is YouTube ã‚’ã§ã”è¦§ã„ãŸã ã„ã¦ã„ã¾ã™ã€‚ ã“ã®è¨­å®šã¯ä¸‹ã§å¤‰æ›´ ã§ãã¾ã™ã€‚,No,no
train,268,0,U.S. Department of Defense Know Your Military Discover the new #KnowYourMil...,No,no
train,151,0,Peanut Product Recall Took Company Approval â€œThatâ€™s what Sasha eats for lunch...,No,no
train,238,1,"The hacked emails at the center of Muellerâ€™s Russia investigation, explained...",No,no
train,85,0,Trump on Prejean: Same as Obama Barack Obama ended up in the middle of an...,Yes,yes
train,72,1,Facebook ç§»å‹•: ã“ã®ãƒ¡ãƒ‹ãƒ¥ãƒ¼ã‚’é–‹ãã«ã¯ã€ alt ã¨ / ã‚’åŒæ™‚ã«æŠ¼ã—ã¦ãã ã•ã„,No,no
train,130,0,Supreme Court Vacancy Video Interest Successfully Added We'll notify you here...,No,no
train,29,0,One in Four One in Four Congressman Joe Pitts Blocked Unblock Follow...,No,no
train,43,0,"HuffPost - Breaking News, U.S. and World News Real Life. Real News. Real...",No,no
train,231,1,"Mueller Will Be Forced To Resign Over Pelosi Affair Robert Muellerâ€™s steamy,...",No,no
train,93,0,John McCain for President John McCain will establish a market-based system to...,No,no
train,94,0,"The Des Moines Register Barnes, Paige â€¦ Foster? Is the Osky product bound for...",No,no
train,338,0,"Trump asking Congress, not Mexico, to pay for border wall Washington (CNN)...",Yes,yes
train,88,0,Remarks by the President at CNBC Town Hall Discussion on Jobs Newseum...,No,no
train,123,0,The Daily Show with Trevor Noah About the Show The Daily Show with Trevor...,No,no
train,118,0,Sen. Sanders warns of â€˜frightening trendâ€™ towards oligarchy Bernie Sanders...,No,no
train,312,0,"Call â€˜Islamic terrorismâ€™ what it is: a threat to West, Jeb Bush says...",Yes,yes
train,55,0,FindArticles.com FINDARTICLES is a CBS Interactive portal that lets you find...,No,no
train,34,0,Has the potency of pot changed since President Obama was in high school?...,No,no
train,221,1,"Lisa Page Squeals: DNC Server Was Not Hacked By Russia Lisa Page, former FBI...",No,no
train,240,1,82-Year-Old Who Killed A Muslim In Self-Defense Gets The Death Penalty...,No,no
train,281,1,"Legendary Actor Kirk Douglas Dead, 4 Days Before His 101st Birthday News...",No,no
train,289,0,"Author Offers Insights on Slavery, the Capitol, and Obama's Inauguration...",No,no
train,247,0,Job Openings and Labor Turnover Survey News Release For release 10:00 a.m....,Yes,yes
train,358,0,"Debbie Wasserman Schultzã•ã‚“ã®ãƒ„ã‚¤ãƒ¼ãƒˆ: ""Syria and Nicaragua are the only nations...",No,no
train,208,1,Putin says: â€˜Pope Francis Is Not A Man Of Godâ€™ | Must-See !! ãƒ­ã‚°ã‚¤ãƒ³ é€ä¿¡ã™ã‚‹...,No,no
train,198,0,Obama YouTube ã‚’ã§ã”è¦§ã„ãŸã ã„ã¦ã„ã¾ã™ã€‚ ã“ã®è¨­å®šã¯ä¸‹ã§å¤‰æ›´ ã§ãã¾ã™ã€‚,No,no
train,120,0,"Transcript: Interview with Donald Trump DONALD TRUMP, the President of the...",Yes,yes
train,341,0,WATCH LIVE: Tim Kaine and Corey Stewart meet for first U.S. Senate debate in...,No,no
train,269,1,About Mayor Bhalla Ravi Bhalla was elected Hobokenâ€™s 39th Mayor on November...,No,no
train,370,1,Leonardo DiCaprio Tells President Obama That He's Going to Mars Leonardo...,No,no
train,97,0,Peace Through Strength and American Pride vs. â€œEnemy-Centricâ€ Policy ç§»å‹•:...,No,no
train,53,1,Bill Gates: â€œI think Donald Trump will go down to history as one of the...,No,no
train,336,0,U.S. Senator Rand Paul of Kentucky Services for Kentucky It is an absolute...,No,no
train,106,1,BREAKING: FBI Issues Warrant For Obamaâ€™s Arrest After Confirming Illegal...,No,no
train,66,0,Senate Passes Obama-Hagel Provision Aimed at Preventing Nuclear Terrorism...,No,no
train,178,1,Obama Orders Life-Sized Bronze Statute of Himself To Be Permanently Installed...,No,no
train,223,0,"'This Week' Transcript: Hoyer, Boeher and Bill Gates TAPPER (voice-over):...",No,no
train,355,0,"Ad says Obama apologized, showed weakness on Iran A new ad from an...",No,no
train,334,0,VIDEO: Special Preview Of Jersey Shore In Miami! Click to share on Facebook...,No,no
train,264,1,Clinton Foundations Sends Water To Houston For $7 A Bottle Fact Check Fact-...,No,no
train,350,1,Thinking about writing in a candidate on Election Day? Read this before you...,No,no
train,113,0,Situation Syria Regional Refugee Response The second edition of â€œHeyaâ€...,No,no
train,213,1,"Police Discover Meth Lab In Back Room of Alabama Walmart 0 DECATUR, Alabama â€“...",No,no
test,91,0,Hillary Clinton Transcript: Building the â€˜Growth and Fairness Economyâ€™...,No,no
test,43,0,Joint DHS and ODNI Election Security Statement Joint DHS and ODNI Election...,Yes,yes
test,26,0,"""Face the Nation"" transcripts, August 26, 2012: Rubio, Priebus, Barbour,...",No,no
test,87,1,BREAKING: Malia Obama SUSPENDED After Racist Anti-White Attack Goes Viral...,No,no
test,81,1,Eric Trump: It would be 'foolish' for my dad to release tax returns Eric...,No,no
test,33,0,"'This Week' Transcript: Biden JAKE TAPPER, HOST: I know that there are some...",Yes,yes
test,64,1,Who is affected by the government shutdown? Thousands of government workers...,No,no
test,62,0,"Democratic National Convention Wednesday, August 27, 2008 at 08:20 PM Beau, I...",Yes,yes
test,32,0,Say What YouTube ã‚’ã§ã”è¦§ã„ãŸã ã„ã¦ã„ã¾ã™ã€‚ ã“ã®è¨­å®šã¯ä¸‹ã§å¤‰æ›´ ã§ãã¾ã™ã€‚,No,no
test,6,1,SPECIAL REPORT: GEORGIA BECOMES FIRST STATE TO BAN MUSLIM CULTURE IN HISTORIC...,No,no
test,11,0,Rand Paul: Will Donald Trump betray voters by hiring John Bolton? By Sen....,No,no
test,97,0,A comprehensive investigation of voter impersonation finds 31 credible...,No,no
test,54,1,Laguna Beach Antifa 22m David Hogg Didn't Attend Parkland High School I Went...,No,no
test,35,0,Why the Public Option Isn't the Only Answer to Health-Care Reform A dangerous...,No,no
test,5,1,"Statement from FDA Commissioner Scott Gottlieb, M.D., on FDAâ€™s ongoing...",No,no
test,0,0,'This Week' Transcript: Geithner TAPPER: Secretary Geithner thanks for...,Yes,yes
test,42,0,"Summing Summertime: Part 4 October 19, 2007 | Check back periodically for new...",No,no
test,16,0,Estonia Might Have The Most Efficient Tax Filing System In The World...,No,no
test,90,0,"What OFA Has Accomplished, And The Fight Ahead What OFA Has Accomplished, And...",No,no
test,96,1,ICE Detainer Issued for Suspected Wine Country Arsonist in Sonoma Jail...,No,no
test,20,0,"Rule by Rentiers Of course, thatâ€™s not the way what I call the Pain Caucus...",No,no
test,56,0,"Family Policy Alliance Speak Up We have the right, privilege and obligation...",No,no
test,70,1,Puerto Rico Mayor Facing Fraud Charges Over Millions In Govâ€™t Funds Miguel G....,No,no
test,89,0,"Senator Bidenâ€™s Remarks in Springfield, Ill. In all my time in the United...",Yes,yes
test,71,0,"Donald Trump, Billy Bush: Interview Scrambles Race The bombshell dropped on...",No,no
test,1,0,"At Trump hotel site, immigrant workers wary Workers leave the site of the...",No,no
test,14,1,Singer Tina Turner: â€œThis Thanksgiving Is The First Time in 8 Years That I am...,No,no
test,9,0,Power & Renewable Energy Analysis Our powers combined Power is set to play a...,No,no
test,19,0,"As Demsâ€™ â€œStimulusâ€ Anniversary Nears, Americans Ask: â€œWhere are the Jobs?â€...",No,no
test,69,0,Memory Lapse? Trump Seeks Distance From 'Advisor' With Past Ties to Mafia...,No,no
test,4,0,"President Trump in Moon Township, Pennsylvania March 10, 2018...",No,no
test,47,1,"FOX Network Picks Up â€˜Roseanne,â€™ Saying It Has No Problem With Occasional...",No,no
test,18,1,9 celebrities who say they'll move to Canada if Donald Trump becomes...,No,no
test,55,1,"The pro-Russia, pro-weed, pro-Assange GOP congressman who will be tough to...",No,no
test,84,0,Arizona Department of Public Safety Crime in Arizona Reports An Annual Report...,No,no
test,98,0,Terror Suspects Are Buying Guns - and the FBI Can't Stop Them It's amazing...,No,no
test,39,1,Facebook ç§»å‹•: ã“ã®ãƒ¡ãƒ‹ãƒ¥ãƒ¼ã‚’é–‹ãã«ã¯ã€ alt ã¨ / ã‚’åŒæ™‚ã«æŠ¼ã—ã¦ãã ã•ã„,No,no
test,46,1,LISTEN: Curious Robocall Seeks 'Damaging' Information on Moore LISTEN:...,No,no
test,66,0,State of the Union 2013 The State of the Union 2012 â€œWe can either settle for...,Yes,yes
test,57,0,H1N1 vaccinations to be offered to Guantanamo Bay detainees Washington (CNN)...,Yes,yes
test,22,1,Debbie Wasserman Schultz Aide Arrested Trying to Flee the Country Debbie...,No,no
test,13,0,Obamaâ€™s Health Care Speech to Congress I am not the first President to take...,Yes,yes
test,100,1,John Hagee Calls For â€œProsecuting Women Who Say Godâ€™s Name During...,No,no
test,15,0,McDonnell Letter Urges No Delay in Virginia Offshore Energy Exploration and...,No,no
test,85,0,Planned ParenthoodÂ® Action Center John McCain In His Own Words McCain has...,No,no
test,92,0,"PWNED: House GOP Dominates Twitter, YouTube, Social Media in Congress PWNED:...",No,no
test,61,0,"Care Without Coverage: Too Little, Too Late Ã— Close Downloading and Using...",No,no
test,49,1,"InShapeToday Fleas, ants, and roaches are one of the most common and most...",No,no
test,88,1,Lance Armstrong's defiant Twitter photo shows him relaxing with seven yellow...,No,no
test,99,1,"Bill Murray Had This to Say About Rochester, New Hampshire Residents â€“ News...",No,no
test,65,0,"Interest Group Ratings Budget, Spending and Taxes 2001 On the votes that the...",No,no
test,79,0,Remarks of Senator Obama: The War We Need to Win Remarks of Senator Obama:...,No,no
test,74,1,McCain Blamed For Sabotaging Trump Senator John McCain should be supporting...,No,no
test,58,0,"Carolyn B. Maloneyã•ã‚“ã®ãƒ„ã‚¤ãƒ¼ãƒˆ: ""Women's health & wellbeing donâ€™t seem to count in...",No,no
test,10,0,"Ralph Nader on Barack Obama: ""It is Quite Clear He is a Corporate Candidate...",No,no
test,101,1,Actress Sandra Bullock to Hillary Clinton if You Don't Like Our President You...,No,no
test,52,0,Krugman calls Senate health care bill similar to law in Massachusetts The...,No,no
test,76,0,Illinois General Assembly Ã— The Illinois General Assembly offers the Google...,No,no
test,95,0,Who We Are Our History Bright Horizons has been changing the way the world...,No,no
test,21,0,Philando Castile Had Been Stopped 52 Times By Police â€“ WCCO â€” When Philando...,No,no
test,45,1,Food Stamp Enrollment Drops by Four Million in One Month Four million people...,No,no
test,48,0,Harry Reid YouTube ã‚’ã§ã”è¦§ã„ãŸã ã„ã¦ã„ã¾ã™ã€‚ ã“ã®è¨­å®šã¯ä¸‹ã§å¤‰æ›´ ã§ãã¾ã™ã€‚,No,no
test,17,0,"Hannity says Obama won't even use the term ""war on terrorism"" On Sean...",Yes,yes
test,50,0,Change We Can Believe In Remarks of Senator Barack Obama: Apostolic Church of...,Yes,yes
test,80,0,Debt Day: A Symbol of Washingtonâ€™s Arrogant Culture of Borrowing and Spending...,No,no
test,24,0,RACE FOR CITY HALL: The Republican Candidate; A Mercurial Mayor's Confident...,Yes,yes
test,2,1,"Man pardoned by Obama â€˜executedâ€™ by masked men at halfway house SAGINAW,...",No,no
test,30,0,"Transcript: The Democratic debate in Milwaukee, annotated Bernie Sanders and...",No,no
test,75,0,"Sarah Palinã•ã‚“ã®ãƒ„ã‚¤ãƒ¼ãƒˆ: ""Obama lied to the American people. Again. He said it...",No,no
test,12,0,'This Week' Transcript: Odierno and Chiarelli AMANPOUR: Good morning. I'm...,No,no
test,29,0,Pelosi urges minimum-wage hike House Minority Leader Nancy Pelosi on Thursday...,No,no
test,59,0,Obama: Gitmo inspires jihadists About This Show From the countryâ€™s major...,No,no
test,78,0,Writers May Have Pact. Huckabee Crosses Picket Lineâ€”Again SEARCH keyword:...,No,no
test,41,0,U.S. Senate: U.S. Senate Roll Call Votes 108th Congress Use this guide to...,No,no
test,25,1,FBI uncovered Russian bribery plot before Obama administration approved...,No,no
test,7,0,"Earmark reform? 2009 spending bill contains 9,000 of them WASHINGTON â€” During...",Yes,yes
test,28,1,"Russian source behind Trump dossier killed in Russian plane crash, Rosatom...",No,no
test,86,0,Percent change from preceding period 17.76 KB View/Download File Why the...,No,no
test,94,0,Sen. Barack Obama's answer to meeting energy demands è‡ªå‹•å†ç”Ÿ...,No,no
test,37,0,The Colbert Report About the Show The Colbert Report As America's most...,Yes,yes
test,93,0,"Rick Perry says he switched to GOP at a younger age than Reagan did ""I became...",No,no
test,38,0,YouTube YouTube ã‚’ã§ã”è¦§ã„ãŸã ã„ã¦ã„ã¾ã™ã€‚ ã“ã®è¨­å®šã¯ä¸‹ã§å¤‰æ›´ ã§ãã¾ã™ã€‚,No,no
test,8,0,The Committee on Energy and Commerce Barton: Medicare Drug Program Drawing...,No,no
test,53,0,"McCain Campaigns In Nashville NASHVILLE, Tenn. - Republican presidential...",No,no
test,73,0,Full Interview Transcript: President Barack Obama This is a transcript of the...,No,no
test,34,0,"Letter to the Honorable John Boehner providing an estimate for H.R. 6079, the...",No,no
test,23,0,Congressman Pence Discusses House Republican Energy Bill on MSNBC's Morning...,No,no
test,83,0,"Background Briefing on GM Restructuring, May 31, 2009 THE WHITE HOUSE Office...",Yes,yes
test,60,0,Florida Democrats Ask HHS to Protect Floridians from High Insurance Premiums...,No,no
test,51,1,Babysitter on Crystal Meth Eats 3-Month-Old Baby 9.6k SHARES Share Tweet...,No,no
test,63,0,China's Space Threat: How Missiles Could Target U.S. Satellites At 5:28 PM...,No,no
test,36,0,"3rd Democratic debate transcript, annotated: Who said what and what it meant...",No,no
test,44,1,BREAKING: President Trump Just Told Paul Ryan â€˜Youâ€™re Firedâ€™ Paul Ryan may be...,No,no
test,77,0,Remarks on counterterrorism at Stanford University In the aftermath of the...,No,no
test,72,0,"To young people who are undocumented: This is your country, too. To young...",No,no
test,40,0,Should ISIS' gains lead to more U.S. troops in Iraq? The territorial gains of...,Yes,yes
test,27,1,U.N. Official 'Accidentally' Crushes Own Throat Right Before Testifying...,No,no
test,82,0,"Washington Post: Breaking News, World, US, DC News & Analysis It was the last...",No,no
test,68,0,International Energy Statistics Projects published on Beta are not final and...,No,no
test,67,1,Trump Nation ç§»å‹•: ã“ã®ãƒ¡ãƒ‹ãƒ¥ãƒ¼ã‚’é–‹ãã«ã¯ã€ alt ã¨ / ã‚’åŒæ™‚ã«æŠ¼ã—ã¦ãã ã•ã„,No,no
test,31,0,"Pastors To Protest IRS Rules on Political Advocacy On Sept. 28, pastors from...",No,no
test,3,0,Country of Origin Labeling (COOL) Country of Origin Labeling (COOL) is a...,No,no
